Country;Code2;Code3;Region
Afghanistan;AF;AFG;Asia
Albania;AL;ALB;Europe
Algeria;DZ;DZA;Africa
American Samoa;AS;ASM;Pacific
Andorra;AD;AND;Europe
Angola;AO;AGO;Africa
Anguilla;AI;AIA;Caraibes
Antarctica;AQ;ATA;Antarctica
Antigua and Barbuda;AG;ATG;Caraibes
Argentina;AR;ARG;South America
Armenia;AM;ARM;Asia
Aruba;AW;ABW;Caraibes
Australia;AU;AUS;Oceania
Austria;AT;AUT;Europe
Azerbaijan;AZ;AZE;Asia
Bahamas;BS;BHS;Caraibes
Bahrain;BH;BHR;Asia
Bangladesh;BD;BGD;Asia
Barbados;BB;BRB;Caraibes
Belarus;BY;BLR;Europe
Belgium;BE;BEL;Europe
Belize;BZ;BLZ;Central America
Benin;BJ;BEN;Africa
Bermuda;BM;BMU;Caraibes
Bhutan;BT;BTN;Asia
Bolivia;BO;BOL;South America
Bonaire;BQ;BES;Caraibes
Bosnia and Herzegovina;BA;BIH;Europe
Botswana;BW;BWA;Africa
Bouvet Island;BV;BVT;Antarctica
Brazil;BR;BRA;South America
British Indian Ocean Territory;IO;IOT;Africa
British Virgin Islands;VG;VGB;Caraibes
Brunei;BN;BRN;Asia
Bulgaria;BG;BGR;Europe
Burkina Faso;BF;BFA;Africa
Burundi;BI;BDI;Africa
Cambodia;KH;KHM;Asia
Cameroon;CM;CMR;Africa
Canada;CA;CAN;North America
Cape Verde;CV;CPV;Africa
Cayman Islands;KY;CYM;Caraibes
Central African Republic;CF;CAF;Africa
Chad;TD;TCD;Africa
Chile;CL;CHL;South America
China;CN;CHN;Asia
Christmas Island;CX;CXR;Oceania
Cocos (Keeling) Islands;CC;CCK;Africa
Colombia;CO;COL;South America
Comoros;KM;COM;Africa
Congo (Brazzaville);CG;COG;Africa
Congo (Kinshasa);CD;COD;Africa
Cook Islands;CK;COK;Pacific
Costa Rica;CR;CRI;Central America
Cote d'Ivoire;CI;CIV;Africa
Croatia;HR;HRV;Europe
Cuba;CU;CUB;Caraibes
Curacao;CW;CUW;Caraibes
Cyprus;CY;CYP;Europe
Czech Republic;CZ;CZE;Europe
Denmark;DK;DNK;Europe
Djibouti;DJ;DJI;Africa
Dominica;DM;DMA;Caraibes
Dominican Republic;DO;DOM;Caraibes
Ecuador;EC;ECU;South America
Egypt;EG;EGY;Africa
El Salvador;SV;SLV;Central America
Equatorial Guinea;GQ;GNQ;Africa
Eritrea;ER;ERI;Africa
Estonia;EE;EST;Europe
Ethiopia;ET;ETH;Africa
Falkland Islands;FK;FLK;South America
Faroe Islands;FO;FRO;Europe
Fiji;FJ;FJI;Pacific
Finland;FI;FIN;Europe
France;FR;FRA;Europe
French Guiana;GF;GUF;South America
French Polynesia;PF;PYF;Pacific
French Southern Territories;TF;ATF;Antarctica
Gabon;GA;GAB;Africa
Gambia;GM;GMB;Africa
Georgia;GE;GEO;Asia
Germany;DE;DEU;Europe
Ghana;GH;GHA;Africa
Gibraltar;GI;GIB;Europe
Greece;GR;GRC;Europe
Greenland;GL;GRL;North America
Grenada;GD;GRD;Caraibes
Guadeloupe;GP;GLP;Caraibes
Guam;GU;GUM;Pacific
Guatemala;GT;GTM;Central America
Guernsey;GG;GGY;Europe
Guinea;GN;GIN;Africa
Guinea-Bissau;GW;GNB;Africa
Guyana;GY;GUY;South America
Haiti;HT;HTI;Caraibes
Heard Island and McDonald Islands;HM;HMD;Oceania
Holy See (Vatican City State);VA;VAT;Europe
Honduras;HN;HND;Central America
Hong Kong;HK;HKG;Asia
Hungary;HU;HUN;Europe
Iceland;IS;ISL;Europe
India;IN;IND;Asia
Indonesia;ID;IDN;Asia
Iran;IR;IRN;Asia
Iraq;IQ;IRQ;Asia
Ireland;IE;IRL;Europe
Isle of Man;IM;IMN;Europe
Israel;IL;ISR;Middle East
Italy;IT;ITA;Europe
Jamaica;JM;JAM;Caraibes
Japan;JP;JPN;Asia
Jersey;JE;JEY;Europe
Johnston Atoll;;;Pacific
Jordan;JO;JOR;Middle East
Kazakhstan;KZ;KAZ;Asia
Kenya;KE;KEN;Africa
Kiribati;KI;KIR;Pacific
North Korea;KP;PRK;Asia
South Korea;KR;KOR;Asia
Kuwait;KW;KWT;Asia
Kyrgyzstan;KG;KGZ;Asia
Laos;LA;LAO;Asia
Latvia;LV;LVA;Europe
Lebanon;LB;LBN;Middle East
Lesotho;LS;LSO;Africa
Liberia;LR;LBR;Africa
Libya;LY;LBY;Africa
Liechtenstein;LI;LIE;Europe
Lithuania;LT;LTU;Europe
Luxembourg;LU;LUX;Europe
Macau;MO;MAC;Asia
Macedonia;MK;MKD;Europe
Madagascar;MG;MDG;Africa
Malawi;MW;MWI;Africa
Malaysia;MY;MYS;Asia
Maldives;MV;MDV;Asia
Mali;ML;MLI;Africa
Malta;MT;MLT;Europe
Marshall Islands;MH;MHL;Pacific
Martinique;MQ;MTQ;Caraibes
Mauritania;MR;MRT;Africa
Mauritius;MU;MUS;Africa
Mayotte;YT;MYT;Africa
Mexico;MX;MEX;Central America
Micronesia;FM;FSM;Pacific
Midway Islands;;;Pacific
Moldova;MD;MDA;Europe
Monaco;MC;MCO;Europe
Mongolia;MN;MNG;Asia
Montenegro;ME;MNE;Europe
Montserrat;MS;MSR;Caraibes
Morocco;MA;MAR;Africa
Mozambique;MZ;MOZ;Africa
Burma;;;Asia
Namibia;NA;NAM;Africa
Nauru;NR;NRU;Pacific
Nepal;NP;NPL;Asia
Netherlands;NL;NLD;Europe
Netherlands Antilles;;;Caraibes
New Caledonia;NC;NCL;Pacific
New Zealand;NZ;NZL;Oceania
Nicaragua;NI;NIC;Central America
Niger;NE;NER;Africa
Nigeria;NG;NGA;Africa
Niue;NU;NIU;Pacific
Norfolk Island;NF;NFK;Pacific
Northern Mariana Islands;MP;MNP;Pacific
Norway;NO;NOR;Europe
Oman;OM;OMN;Asia
Pakistan;PK;PAK;Asia
Palau;PW;PLW;Pacific
Palestine;PS;PSE;Middle East
Panama;PA;PAN;Central America
Papua New Guinea;PG;PNG;Pacific
Paraguay;PY;PRY;South America
Peru;PE;PER;South America
Philippines;PH;PHL;Asia
Pitcairn;PN;PCN;Pacific
Poland;PL;POL;Europe
Portugal;PT;PRT;Europe
Puerto Rico;PR;PRI;Caraibes
Qatar;QA;QAT;Asia
Romania;RO;ROU;Europe
Russia;RU;RUS;Asia
Rwanda;RW;RWA;Africa
Reunion;RE;REU;Africa
Saint Barthelemy;BL;BLM;Caraibes
Saint Helena;SH;SHN;Africa
Saint Kitts and Nevis;KN;KNA;Caraibes
Saint Lucia;LC;LCA;Caraibes
Saint Martin (French part);MF;MAF;Caraibes
Saint Pierre and Miquelon;PM;SPM;North America
Saint Vincent and the Grenadines;VC;VCT;Caraibes
Samoa;WS;WSM;Pacific
San Marino;SM;SMR;Europe
Sao Tome and Principe;ST;STP;Africa
Saudi Arabia;SA;SAU;Asia
Senegal;SN;SEN;Africa
Serbia;RS;SRB;Europe
Seychelles;SC;SYC;Africa
Sierra Leone;SL;SLE;Africa
Singapore;SG;SGP;Asia
Sint Maarten (Dutch part);SX;SXM;Caraibes
Slovakia;SK;SVK;Europe
Slovenia;SI;SVN;Europe
Solomon Islands;SB;SLB;Pacific
Somalia;SO;SOM;Africa
South Africa;ZA;ZAF;Africa
South Georgia and the South Sandwich Islands;GS;SGS;Antarctica
South Sudan;SS;SSD;Africa
Spain;ES;ESP;Europe
Sri Lanka;LK;LKA;Asia
Sudan;SD;SDN;Africa
Suriname;SR;SUR;South America
Svalbard;SJ;SJM;Europe
Swaziland;SZ;SWZ;Africa
Sweden;SE;SWE;Europe
Switzerland;CH;CHE;Europe
Syria;SY;SYR;Middle East
Taiwan;TW;TWN;Asia
Tajikistan;TJ;TJK;Asia
Tanzania;TZ;TZA;Africa
Thailand;TH;THA;Asia
East Timor;TL;TLS;Asia
Togo;TG;TGO;Africa
Tokelau;TK;TKL;Pacific
Tonga;TO;TON;Pacific
Trinidad and Tobago;TT;TTO;Caraibes
Tunisia;TN;TUN;Africa
Turkey;TR;TUR;Middle East
Turkmenistan;TM;TKM;Asia
Turks and Caicos Islands;TC;TCA;Caraibes
Tuvalu;TV;TUV;Pacific
Uganda;UG;UGA;Africa
Ukraine;UA;UKR;Europe
United Arab Emirates;AE;ARE;Asia
United Kingdom;GB;GBR;Europe
United States;US;USA;North America
United States Minor Outlying Islands;UM;UMI;North America
Uruguay;UY;URY;South America
Uzbekistan;UZ;UZB;Asia
Vanuatu;VU;VUT;Pacific
Venezuela;VE;VEN;South America
Vietnam;VN;VNM;Asia
Virgin Islands;VI;VIR;Caraibes
Wake Island;;;Pacific
Wallis and Futuna;WF;WLF;Pacific
West Bank;;;Middle East
Western Sahara;EH;ESH;Africa
Yemen;YE;YEM;Asia
Zambia;ZM;ZMB;Africa
Zimbabwe;ZW;ZWE;Africa
Myanmar;MM;MMR;Asia
